<?xml version="1.0" encoding="UTF-8"?>
<GenRun Id="impl_1" LaunchPart="xc7z010clg400-1" LaunchTime="1671172775">
  <File Type="OPT-HWDEF" Name="ControlUnit.hwdef"/>
  <File Type="ROUTE-BUS-SKEW" Name="ControlUnit_bus_skew_routed.rpt"/>
  <File Type="PA-DCP" Name="ControlUnit.dcp"/>
  <File Type="BITSTR-BMM" Name="ControlUnit_bd.bmm"/>
  <File Type="OPT-METHODOLOGY-DRC" Name="ControlUnit_methodology_drc_opted.rpt"/>
  <File Type="INIT-TIMING" Name="ControlUnit_timing_summary_init.rpt"/>
  <File Type="ROUTE-PWR" Name="ControlUnit_power_routed.rpt"/>
  <File Type="PA-TCL" Name="ControlUnit.tcl"/>
  <File Type="OPT-TIMING" Name="ControlUnit_timing_summary_opted.rpt"/>
  <File Type="OPT-DCP" Name="ControlUnit_opt.dcp"/>
  <File Type="ROUTE-PWR-SUM" Name="ControlUnit_power_summary_routed.pb"/>
  <File Type="REPORTS-TCL" Name="ControlUnit_reports.tcl"/>
  <File Type="OPT-DRC" Name="ControlUnit_drc_opted.rpt"/>
  <File Type="PWROPT-DCP" Name="ControlUnit_pwropt.dcp"/>
  <File Type="PWROPT-DRC" Name="ControlUnit_drc_pwropted.rpt"/>
  <File Type="PWROPT-TIMING" Name="ControlUnit_timing_summary_pwropted.rpt"/>
  <File Type="PLACE-DCP" Name="ControlUnit_placed.dcp"/>
  <File Type="PLACE-IO" Name="ControlUnit_io_placed.rpt"/>
  <File Type="PLACE-CLK" Name="ControlUnit_clock_utilization_placed.rpt"/>
  <File Type="PLACE-UTIL" Name="ControlUnit_utilization_placed.rpt"/>
  <File Type="PLACE-UTIL-PB" Name="ControlUnit_utilization_placed.pb"/>
  <File Type="PLACE-CTRL" Name="ControlUnit_control_sets_placed.rpt"/>
  <File Type="PLACE-SIMILARITY" Name="ControlUnit_incremental_reuse_placed.rpt"/>
  <File Type="PLACE-PRE-SIMILARITY" Name="ControlUnit_incremental_reuse_pre_placed.rpt"/>
  <File Type="PLACE-TIMING" Name="ControlUnit_timing_summary_placed.rpt"/>
  <File Type="POSTPLACE-PWROPT-DCP" Name="ControlUnit_postplace_pwropt.dcp"/>
  <File Type="BG-BIN" Name="ControlUnit.bin"/>
  <File Type="POSTPLACE-PWROPT-TIMING" Name="ControlUnit_timing_summary_postplace_pwropted.rpt"/>
  <File Type="PHYSOPT-DCP" Name="ControlUnit_physopt.dcp"/>
  <File Type="PHYSOPT-DRC" Name="ControlUnit_drc_physopted.rpt"/>
  <File Type="BITSTR-MSK" Name="ControlUnit.msk"/>
  <File Type="PHYSOPT-TIMING" Name="ControlUnit_timing_summary_physopted.rpt"/>
  <File Type="ROUTE-ERROR-DCP" Name="ControlUnit_routed_error.dcp"/>
  <File Type="ROUTE-DCP" Name="ControlUnit_routed.dcp"/>
  <File Type="ROUTE-BLACKBOX-DCP" Name="ControlUnit_routed_bb.dcp"/>
  <File Type="ROUTE-DRC" Name="ControlUnit_drc_routed.rpt"/>
  <File Type="ROUTE-DRC-PB" Name="ControlUnit_drc_routed.pb"/>
  <File Type="BITSTR-LTX" Name="debug_nets.ltx"/>
  <File Type="BITSTR-LTX" Name="ControlUnit.ltx"/>
  <File Type="ROUTE-DRC-RPX" Name="ControlUnit_drc_routed.rpx"/>
  <File Type="BITSTR-MMI" Name="ControlUnit.mmi"/>
  <File Type="ROUTE-METHODOLOGY-DRC" Name="ControlUnit_methodology_drc_routed.rpt"/>
  <File Type="ROUTE-METHODOLOGY-DRC-RPX" Name="ControlUnit_methodology_drc_routed.rpx"/>
  <File Type="BITSTR-SYSDEF" Name="ControlUnit.sysdef"/>
  <File Type="ROUTE-METHODOLOGY-DRC-PB" Name="ControlUnit_methodology_drc_routed.pb"/>
  <File Type="ROUTE-PWR-RPX" Name="ControlUnit_power_routed.rpx"/>
  <File Type="ROUTE-STATUS" Name="ControlUnit_route_status.rpt"/>
  <File Type="ROUTE-STATUS-PB" Name="ControlUnit_route_status.pb"/>
  <File Type="ROUTE-TIMINGSUMMARY" Name="ControlUnit_timing_summary_routed.rpt"/>
  <File Type="ROUTE-TIMING-PB" Name="ControlUnit_timing_summary_routed.pb"/>
  <File Type="ROUTE-TIMING-RPX" Name="ControlUnit_timing_summary_routed.rpx"/>
  <File Type="ROUTE-SIMILARITY" Name="ControlUnit_incremental_reuse_routed.rpt"/>
  <File Type="ROUTE-CLK" Name="ControlUnit_clock_utilization_routed.rpt"/>
  <File Type="ROUTE-BUS-SKEW-PB" Name="ControlUnit_bus_skew_routed.pb"/>
  <File Type="ROUTE-BUS-SKEW-RPX" Name="ControlUnit_bus_skew_routed.rpx"/>
  <File Type="POSTROUTE-PHYSOPT-DCP" Name="ControlUnit_postroute_physopt.dcp"/>
  <File Type="POSTROUTE-PHYSOPT-BLACKBOX-DCP" Name="ControlUnit_postroute_physopt_bb.dcp"/>
  <File Type="POSTROUTE-PHYSOPT-TIMING" Name="ControlUnit_timing_summary_postroute_physopted.rpt"/>
  <File Type="POSTROUTE-PHYSOPT-TIMING-PB" Name="ControlUnit_timing_summary_postroute_physopted.pb"/>
  <File Type="POSTROUTE-PHYSOPT-TIMING-RPX" Name="ControlUnit_timing_summary_postroute_physopted.rpx"/>
  <File Type="POSTROUTE-PHYSOPT-BUS-SKEW" Name="ControlUnit_bus_skew_postroute_physopted.rpt"/>
  <File Type="POSTROUTE-PHYSOPT-BUS-SKEW-PB" Name="ControlUnit_bus_skew_postroute_physopted.pb"/>
  <File Type="BG-BIT" Name="ControlUnit.bit"/>
  <File Type="POSTROUTE-PHYSOPT-BUS-SKEW-RPX" Name="ControlUnit_bus_skew_postroute_physopted.rpx"/>
  <File Type="BITSTR-RBT" Name="ControlUnit.rbt"/>
  <File Type="BITSTR-NKY" Name="ControlUnit.nky"/>
  <File Type="BG-BGN" Name="ControlUnit.bgn"/>
  <File Type="BG-DRC" Name="ControlUnit.drc"/>
  <File Type="RDI-RDI" Name="ControlUnit.vdi"/>
  <File Type="WBT-USG" Name="usage_statistics_webtalk.html"/>
  <FileSet Name="sources" Type="DesignSrcs" RelSrcDir="$PSRCDIR/sources_1">
    <Filter Type="Srcs"/>
    <File Path="$PSRCDIR/sources_1/new/CPUs.v">
      <FileInfo>
        <Attr Name="ImportPath" Val="$PPRDIR/../../lab3/lab3/lab3.srcs/sources_1/new/CPUs.v"/>
        <Attr Name="ImportTime" Val="1668988133"/>
        <Attr Name="UsedIn" Val="synthesis"/>
        <Attr Name="UsedIn" Val="implementation"/>
        <Attr Name="UsedIn" Val="simulation"/>
      </FileInfo>
    </File>
    <Config>
      <Option Name="DesignMode" Val="RTL"/>
      <Option Name="TopModule" Val="ControlUnit"/>
      <Option Name="TopAutoSet" Val="TRUE"/>
    </Config>
  </FileSet>
  <FileSet Name="constrs_in" Type="Constrs" RelSrcDir="$PSRCDIR/constrs_1">
    <Filter Type="Constrs"/>
    <Config>
      <Option Name="ConstrsType" Val="XDC"/>
    </Config>
  </FileSet>
  <FileSet Name="utils" Type="Utils" RelSrcDir="$PSRCDIR/utils_1">
    <Filter Type="Utils"/>
    <File Path="$PPRDIR/tester.tcl">
      <FileInfo>
        <Attr Name="UsedIn" Val="synthesis"/>
        <Attr Name="UsedIn" Val="implementation"/>
        <Attr Name="UsedIn" Val="simulation"/>
        <Attr Name="UsedInSteps" Val="impl_1;WRITE_BITSTREAM;TCL.PRE"/>
      </FileInfo>
    </File>
    <Config>
      <Option Name="TopAutoSet" Val="TRUE"/>
    </Config>
  </FileSet>
  <Strategy Version="1" Minor="2">
    <StratHandle Name="Vivado Implementation Defaults" Flow="Vivado Implementation 2019"/>
    <Step Id="init_design"/>
    <Step Id="opt_design"/>
    <Step Id="power_opt_design"/>
    <Step Id="place_design"/>
    <Step Id="post_place_power_opt_design"/>
    <Step Id="phys_opt_design"/>
    <Step Id="route_design"/>
    <Step Id="post_route_phys_opt_design"/>
    <Step Id="write_bitstream" PreStepTclHook="$PPRDIR/tester.tcl"/>
  </Strategy>
</GenRun>
